Unnamed: 0,prefix,number,search_url
0,新赤,101,https://www.google.com/search?q=新赤101
1,新赤,105,https://www.google.com/search?q=新赤105
2,新赤,111,https://www.google.com/search?q=新赤111
3,新赤,139,https://www.google.com/search?q=新赤139
4,新赤,165,https://www.google.com/search?q=新赤165
5,新赤,179,https://www.google.com/search?q=新赤179
6,新赤,184,https://www.google.com/search?q=新赤184
7,新赤,201,https://www.google.com/search?q=新赤201
8,新赤,203,https://www.google.com/search?q=新赤203
9,新赤,212,https://www.google.com/search?q=新赤212
10,新赤,214,https://www.google.com/search?q=新赤214
11,新赤,231,https://www.google.com/search?q=新赤231
12,新赤,246,https://www.google.com/search?q=新赤246
13,新赤,249,https://www.google.com/search?q=新赤249
14,新赤,257,https://www.google.com/search?q=新赤257
15,新赤,261,https://www.google.com/search?q=新赤261
16,新赤,268,https://www.google.com/search?q=新赤268
17,新赤,286,https://www.google.com/search?q=新赤286
18,新赤,304,https://www.google.com/search?q=新赤304
19,新赤,312,https://www.google.com/search?q=新赤312
20,新赤,328,https://www.google.com/search?q=新赤328
21,新赤,329,https://www.google.com/search?q=新赤329
22,新赤,340,https://www.google.com/search?q=新赤340
23,新赤,343,https://www.google.com/search?q=新赤343
24,新赤,348,https://www.google.com/search?q=新赤348
25,新赤,357,https://www.google.com/search?q=新赤357
26,新赤,375,https://www.google.com/search?q=新赤375
27,新赤,384,https://www.google.com/search?q=新赤384
28,新赤,394,https://www.google.com/search?q=新赤394
29,新赤,400,https://www.google.com/search?q=新赤400
30,新赤,409,https://www.google.com/search?q=新赤409
31,新赤,410,https://www.google.com/search?q=新赤410
32,新赤,415,https://www.google.com/search?q=新赤415
33,新赤,417,https://www.google.com/search?q=新赤417
34,新赤,424,https://www.google.com/search?q=新赤424
35,新赤,430,https://www.google.com/search?q=新赤430
36,新赤,453,https://www.google.com/search?q=新赤453
37,新赤,456,https://www.google.com/search?q=新赤456
38,新赤,464,https://www.google.com/search?q=新赤464
39,新赤,489,https://www.google.com/search?q=新赤489
40,新赤,500,https://www.google.com/search?q=新赤500
41,新赤,503,https://www.google.com/search?q=新赤503
42,新赤,504,https://www.google.com/search?q=新赤504
43,新赤,520,https://www.google.com/search?q=新赤520
44,新赤,521,https://www.google.com/search?q=新赤521
45,新赤,528,https://www.google.com/search?q=新赤528
46,新赤,531,https://www.google.com/search?q=新赤531
47,新赤,537,https://www.google.com/search?q=新赤537
48,新赤,538,https://www.google.com/search?q=新赤538
49,新赤,540,https://www.google.com/search?q=新赤540
50,新赤,557,https://www.google.com/search?q=新赤557
51,新赤,580,https://www.google.com/search?q=新赤580
52,新赤,585,https://www.google.com/search?q=新赤585
53,新赤,592,https://www.google.com/search?q=新赤592
54,新赤,593,https://www.google.com/search?q=新赤593
55,新赤,596,https://www.google.com/search?q=新赤596
56,新赤,604,https://www.google.com/search?q=新赤604
57,新赤,622,https://www.google.com/search?q=新赤622
58,新赤,625,https://www.google.com/search?q=新赤625
59,新赤,648,https://www.google.com/search?q=新赤648
60,新赤,649,https://www.google.com/search?q=新赤649
61,新赤,650,https://www.google.com/search?q=新赤650
62,新赤,651,https://www.google.com/search?q=新赤651
63,新赤,652,https://www.google.com/search?q=新赤652
64,新赤,653,https://www.google.com/search?q=新赤653
65,新赤,654,https://www.google.com/search?q=新赤654
66,新赤,655,https://www.google.com/search?q=新赤655
67,新赤,656,https://www.google.com/search?q=新赤656
68,新赤,657,https://www.google.com/search?q=新赤657
69,新赤,658,https://www.google.com/search?q=新赤658
70,新赤,659,https://www.google.com/search?q=新赤659
71,新赤,660,https://www.google.com/search?q=新赤660
72,新赤,661,https://www.google.com/search?q=新赤661
73,新赤,662,https://www.google.com/search?q=新赤662
74,新赤,663,https://www.google.com/search?q=新赤663
75,新赤,664,https://www.google.com/search?q=新赤664
76,新赤,665,https://www.google.com/search?q=新赤665
77,新赤,666,https://www.google.com/search?q=新赤666
78,新赤,667,https://www.google.com/search?q=新赤667
79,新赤,668,https://www.google.com/search?q=新赤668
80,新赤,669,https://www.google.com/search?q=新赤669
81,新赤,670,https://www.google.com/search?q=新赤670
82,新赤,671,https://www.google.com/search?q=新赤671
83,新赤,672,https://www.google.com/search?q=新赤672
84,新赤,673,https://www.google.com/search?q=新赤673
85,新赤,674,https://www.google.com/search?q=新赤674
86,新赤,675,https://www.google.com/search?q=新赤675
87,新赤,676,https://www.google.com/search?q=新赤676
88,新赤,677,https://www.google.com/search?q=新赤677
89,新赤,678,https://www.google.com/search?q=新赤678
90,新赤,679,https://www.google.com/search?q=新赤679
91,新赤,680,https://www.google.com/search?q=新赤680
92,新赤,681,https://www.google.com/search?q=新赤681
93,新赤,682,https://www.google.com/search?q=新赤682
94,新赤,683,https://www.google.com/search?q=新赤683
95,新赤,684,https://www.google.com/search?q=新赤684
96,新赤,685,https://www.google.com/search?q=新赤685
97,新赤,686,https://www.google.com/search?q=新赤686
98,新赤,687,https://www.google.com/search?q=新赤687
99,新赤,688,https://www.google.com/search?q=新赤688
100,新赤,689,https://www.google.com/search?q=新赤689
101,新赤,690,https://www.google.com/search?q=新赤690
102,新赤,691,https://www.google.com/search?q=新赤691
103,新赤,692,https://www.google.com/search?q=新赤692
104,新赤,693,https://www.google.com/search?q=新赤693
105,新赤,694,https://www.google.com/search?q=新赤694
106,新赤,695,https://www.google.com/search?q=新赤695
107,新赤,696,https://www.google.com/search?q=新赤696
108,新赤,697,https://www.google.com/search?q=新赤697
109,新赤,698,https://www.google.com/search?q=新赤698
110,新赤,699,https://www.google.com/search?q=新赤699
111,新赤,700,https://www.google.com/search?q=新赤700
112,新赤,711,https://www.google.com/search?q=新赤711
113,新赤,727,https://www.google.com/search?q=新赤727
114,新赤,733,https://www.google.com/search?q=新赤733
115,新赤,740,https://www.google.com/search?q=新赤740
116,新赤,745,https://www.google.com/search?q=新赤745
117,新赤,748,https://www.google.com/search?q=新赤748
118,新赤,760,https://www.google.com/search?q=新赤760
119,新赤,765,https://www.google.com/search?q=新赤765
120,新赤,775,https://www.google.com/search?q=新赤775
121,新赤,784,https://www.google.com/search?q=新赤784
122,新赤,786,https://www.google.com/search?q=新赤786
123,新赤,800,https://www.google.com/search?q=新赤800
124,新赤,801,https://www.google.com/search?q=新赤801
125,新赤,802,https://www.google.com/search?q=新赤802
126,新赤,806,https://www.google.com/search?q=新赤806
127,新赤,816,https://www.google.com/search?q=新赤816
128,新赤,826,https://www.google.com/search?q=新赤826
129,新赤,827,https://www.google.com/search?q=新赤827
130,新赤,829,https://www.google.com/search?q=新赤829
131,新赤,833,https://www.google.com/search?q=新赤833
132,新赤,837,https://www.google.com/search?q=新赤837
133,新赤,840,https://www.google.com/search?q=新赤840
134,新赤,841,https://www.google.com/search?q=新赤841
135,新赤,847,https://www.google.com/search?q=新赤847
136,新赤,865,https://www.google.com/search?q=新赤865
137,新赤,877,https://www.google.com/search?q=新赤877
138,新赤,883,https://www.google.com/search?q=新赤883
139,新赤,890,https://www.google.com/search?q=新赤890
140,新赤,902,https://www.google.com/search?q=新赤902
141,新赤,905,https://www.google.com/search?q=新赤905
142,新赤,914,https://www.google.com/search?q=新赤914
143,新赤,915,https://www.google.com/search?q=新赤915
144,新赤,920,https://www.google.com/search?q=新赤920
145,新赤,934,https://www.google.com/search?q=新赤934
146,新赤,935,https://www.google.com/search?q=新赤935
147,新赤,939,https://www.google.com/search?q=新赤939
148,新赤,941,https://www.google.com/search?q=新赤941
149,新赤,942,https://www.google.com/search?q=新赤942
150,新赤,949,https://www.google.com/search?q=新赤949
151,新赤,950,https://www.google.com/search?q=新赤950
152,新赤,954,https://www.google.com/search?q=新赤954
153,新赤,955,https://www.google.com/search?q=新赤955
154,新赤,965,https://www.google.com/search?q=新赤965
155,新赤,966,https://www.google.com/search?q=新赤966
156,新赤,970,https://www.google.com/search?q=新赤970
157,新赤,976,https://www.google.com/search?q=新赤976
158,新赤,983,https://www.google.com/search?q=新赤983
159,新赤,986,https://www.google.com/search?q=新赤986
160,新赤,987,https://www.google.com/search?q=新赤987
161,新赤,991,https://www.google.com/search?q=新赤991
162,新赤,998,https://www.google.com/search?q=新赤998
163,新赤,1000,https://www.google.com/search?q=新赤1000
164,新赤,1001,https://www.google.com/search?q=新赤1001
77,新赤,1002,https://www.google.com/search?q=新赤1002
165,新赤,1003,https://www.google.com/search?q=新赤1003
166,新赤,1006,https://www.google.com/search?q=新赤1006
167,新赤,1007,https://www.google.com/search?q=新赤1007
168,新赤,1008,https://www.google.com/search?q=新赤1008
274,新赤,1009,https://www.google.com/search?q=新赤1009
169,新赤,1010,https://www.google.com/search?q=新赤1010
170,新赤,1012,https://www.google.com/search?q=新赤1012
171,新赤,1016,https://www.google.com/search?q=新赤1016
172,新赤,1018,https://www.google.com/search?q=新赤1018
173,新赤,1019,https://www.google.com/search?q=新赤1019
174,新赤,1024,https://www.google.com/search?q=新赤1024
175,新赤,1030,https://www.google.com/search?q=新赤1030
132,新赤,1033,https://www.google.com/search?q=新赤1033
176,新赤,1035,https://www.google.com/search?q=新赤1035
177,新赤,1042,https://www.google.com/search?q=新赤1042
178,新赤,1043,https://www.google.com/search?q=新赤1043
179,新赤,1044,https://www.google.com/search?q=新赤1044
180,新赤,1045,https://www.google.com/search?q=新赤1045
181,新赤,1046,https://www.google.com/search?q=新赤1046
182,新赤,1047,https://www.google.com/search?q=新赤1047
183,新赤,1048,https://www.google.com/search?q=新赤1048
184,新赤,1049,https://www.google.com/search?q=新赤1049
185,新赤,1050,https://www.google.com/search?q=新赤1050
186,新赤,1051,https://www.google.com/search?q=新赤1051
131,新赤,1055,https://www.google.com/search?q=新赤1055
187,新赤,1058,https://www.google.com/search?q=新赤1058
130,新赤,1059,https://www.google.com/search?q=新赤1059
273,新赤,1064,https://www.google.com/search?q=新赤1064
188,新赤,1067,https://www.google.com/search?q=新赤1067
272,新赤,1068,https://www.google.com/search?q=新赤1068
271,新赤,1070,https://www.google.com/search?q=新赤1070
189,新赤,1071,https://www.google.com/search?q=新赤1071
48,新赤,1073,https://www.google.com/search?q=新赤1073
47,新赤,1081,https://www.google.com/search?q=新赤1081
190,新赤,1085,https://www.google.com/search?q=新赤1085
191,新赤,1095,https://www.google.com/search?q=新赤1095
192,新赤,1096,https://www.google.com/search?q=新赤1096
193,新赤,1099,https://www.google.com/search?q=新赤1099
194,新赤,1100,https://www.google.com/search?q=新赤1100
195,新赤,1101,https://www.google.com/search?q=新赤1101
196,新赤,1103,https://www.google.com/search?q=新赤1103
197,新赤,1108,https://www.google.com/search?q=新赤1108
46,新赤,1111,https://www.google.com/search?q=新赤1111
198,新赤,1112,https://www.google.com/search?q=新赤1112
270,新赤,1115,https://www.google.com/search?q=新赤1115
269,新赤,1122,https://www.google.com/search?q=新赤1122
268,新赤,1124,https://www.google.com/search?q=新赤1124
199,新赤,1129,https://www.google.com/search?q=新赤1129
200,新赤,1132,https://www.google.com/search?q=新赤1132
201,新赤,1134,https://www.google.com/search?q=新赤1134
76,新赤,1136,https://www.google.com/search?q=新赤1136
202,新赤,1138,https://www.google.com/search?q=新赤1138
203,新赤,1142,https://www.google.com/search?q=新赤1142
204,新赤,1144,https://www.google.com/search?q=新赤1144
205,新赤,1145,https://www.google.com/search?q=新赤1145
206,新赤,1146,https://www.google.com/search?q=新赤1146
207,新赤,1150,https://www.google.com/search?q=新赤1150
208,新赤,1152,https://www.google.com/search?q=新赤1152
267,新赤,1155,https://www.google.com/search?q=新赤1155
45,新赤,1156,https://www.google.com/search?q=新赤1156
266,新赤,1157,https://www.google.com/search?q=新赤1157
129,新赤,1165,https://www.google.com/search?q=新赤1165
209,新赤,1167,https://www.google.com/search?q=新赤1167
210,新赤,1171,https://www.google.com/search?q=新赤1171
211,新赤,1182,https://www.google.com/search?q=新赤1182
128,新赤,1183,https://www.google.com/search?q=新赤1183
75,新赤,1186,https://www.google.com/search?q=新赤1186
212,新赤,1187,https://www.google.com/search?q=新赤1187
213,新赤,1190,https://www.google.com/search?q=新赤1190
265,新赤,1193,https://www.google.com/search?q=新赤1193
264,新赤,1194,https://www.google.com/search?q=新赤1194
127,新赤,1196,https://www.google.com/search?q=新赤1196
214,新赤,1198,https://www.google.com/search?q=新赤1198
215,新赤,1206,https://www.google.com/search?q=新赤1206
216,新赤,1208,https://www.google.com/search?q=新赤1208
217,新赤,1212,https://www.google.com/search?q=新赤1212
218,新赤,1213,https://www.google.com/search?q=新赤1213
44,新赤,1216,https://www.google.com/search?q=新赤1216
219,新赤,1219,https://www.google.com/search?q=新赤1219
220,新赤,1225,https://www.google.com/search?q=新赤1225
74,新赤,1232,https://www.google.com/search?q=新赤1232
221,新赤,1233,https://www.google.com/search?q=新赤1233
222,新赤,1234,https://www.google.com/search?q=新赤1234
263,新赤,1235,https://www.google.com/search?q=新赤1235
223,新赤,1238,https://www.google.com/search?q=新赤1238
126,新赤,1239,https://www.google.com/search?q=新赤1239
43,新赤,1240,https://www.google.com/search?q=新赤1240
262,新赤,1245,https://www.google.com/search?q=新赤1245
224,新赤,1249,https://www.google.com/search?q=新赤1249
225,新赤,1250,https://www.google.com/search?q=新赤1250
226,新赤,1251,https://www.google.com/search?q=新赤1251
227,新赤,1252,https://www.google.com/search?q=新赤1252
228,新赤,1253,https://www.google.com/search?q=新赤1253
229,新赤,1254,https://www.google.com/search?q=新赤1254
230,新赤,1257,https://www.google.com/search?q=新赤1257
231,新赤,1258,https://www.google.com/search?q=新赤1258
232,新赤,1259,https://www.google.com/search?q=新赤1259
73,新赤,1266,https://www.google.com/search?q=新赤1266
233,新赤,1268,https://www.google.com/search?q=新赤1268
261,新赤,1270,https://www.google.com/search?q=新赤1270
234,新赤,1271,https://www.google.com/search?q=新赤1271
235,新赤,1272,https://www.google.com/search?q=新赤1272
236,新赤,1273,https://www.google.com/search?q=新赤1273
237,新赤,1274,https://www.google.com/search?q=新赤1274
238,新赤,1275,https://www.google.com/search?q=新赤1275
239,新赤,1276,https://www.google.com/search?q=新赤1276
240,新赤,1277,https://www.google.com/search?q=新赤1277
241,新赤,1278,https://www.google.com/search?q=新赤1278
242,新赤,1283,https://www.google.com/search?q=新赤1283
243,新赤,1287,https://www.google.com/search?q=新赤1287
42,新赤,1288,https://www.google.com/search?q=新赤1288
244,新赤,1289,https://www.google.com/search?q=新赤1289
245,新赤,1291,https://www.google.com/search?q=新赤1291
72,新赤,1292,https://www.google.com/search?q=新赤1292
246,新赤,1296,https://www.google.com/search?q=新赤1296
247,新赤,1298,https://www.google.com/search?q=新赤1298
248,新赤,1299,https://www.google.com/search?q=新赤1299
249,新赤,1300,https://www.google.com/search?q=新赤1300
250,新赤,1301,https://www.google.com/search?q=新赤1301
251,新赤,1305,https://www.google.com/search?q=新赤1305
260,新赤,1309,https://www.google.com/search?q=新赤1309
252,新赤,1311,https://www.google.com/search?q=新赤1311
253,新赤,1313,https://www.google.com/search?q=新赤1313
254,新赤,1314,https://www.google.com/search?q=新赤1314
259,新赤,1315,https://www.google.com/search?q=新赤1315
255,新赤,1318,https://www.google.com/search?q=新赤1318
256,新赤,1319,https://www.google.com/search?q=新赤1319
258,新赤,1323,https://www.google.com/search?q=新赤1323
257,新赤,1325,https://www.google.com/search?q=新赤1325
258,新赤,1327,https://www.google.com/search?q=新赤1327
257,新赤,1328,https://www.google.com/search?q=新赤1328
259,新赤,1332,https://www.google.com/search?q=新赤1332
256,新赤,1333,https://www.google.com/search?q=新赤1333
71,新赤,1334,https://www.google.com/search?q=新赤1334
260,新赤,1335,https://www.google.com/search?q=新赤1335
70,新赤,1337,https://www.google.com/search?q=新赤1337
255,新赤,1338,https://www.google.com/search?q=新赤1338
261,新赤,1339,https://www.google.com/search?q=新赤1339
262,新赤,1340,https://www.google.com/search?q=新赤1340
125,新赤,1342,https://www.google.com/search?q=新赤1342
263,新赤,1343,https://www.google.com/search?q=新赤1343
124,新赤,1344,https://www.google.com/search?q=新赤1344
41,新赤,1347,https://www.google.com/search?q=新赤1347
123,新赤,1348,https://www.google.com/search?q=新赤1348
264,新赤,1350,https://www.google.com/search?q=新赤1350
265,新赤,1351,https://www.google.com/search?q=新赤1351
266,新赤,1352,https://www.google.com/search?q=新赤1352
254,新赤,1353,https://www.google.com/search?q=新赤1353
253,新赤,1355,https://www.google.com/search?q=新赤1355
252,新赤,1356,https://www.google.com/search?q=新赤1356
267,新赤,1361,https://www.google.com/search?q=新赤1361
251,新赤,1363,https://www.google.com/search?q=新赤1363
268,新赤,1364,https://www.google.com/search?q=新赤1364
269,新赤,1366,https://www.google.com/search?q=新赤1366
270,新赤,1367,https://www.google.com/search?q=新赤1367
271,新赤,1370,https://www.google.com/search?q=新赤1370
40,新赤,1371,https://www.google.com/search?q=新赤1371
272,新赤,1372,https://www.google.com/search?q=新赤1372
273,新赤,1373,https://www.google.com/search?q=新赤1373
69,新赤,1375,https://www.google.com/search?q=新赤1375
274,新赤,1377,https://www.google.com/search?q=新赤1377
275,新赤,1378,https://www.google.com/search?q=新赤1378
276,新赤,1380,https://www.google.com/search?q=新赤1380
277,新赤,1382,https://www.google.com/search?q=新赤1382
278,新赤,1384,https://www.google.com/search?q=新赤1384
279,新赤,1385,https://www.google.com/search?q=新赤1385
250,新赤,1386,https://www.google.com/search?q=新赤1386
249,新赤,1388,https://www.google.com/search?q=新赤1388
280,新赤,1389,https://www.google.com/search?q=新赤1389
281,新赤,1391,https://www.google.com/search?q=新赤1391
39,新赤,1393,https://www.google.com/search?q=新赤1393
282,新赤,1394,https://www.google.com/search?q=新赤1394
283,新赤,1395,https://www.google.com/search?q=新赤1395
284,新赤,1396,https://www.google.com/search?q=新赤1396
285,新赤,1397,https://www.google.com/search?q=新赤1397
38,新赤,1398,https://www.google.com/search?q=新赤1398
248,新赤,1399,https://www.google.com/search?q=新赤1399
286,新赤,1400,https://www.google.com/search?q=新赤1400
287,新赤,1401,https://www.google.com/search?q=新赤1401
37,新赤,1402,https://www.google.com/search?q=新赤1402
122,新赤,1403,https://www.google.com/search?q=新赤1403
288,新赤,1404,https://www.google.com/search?q=新赤1404
289,新赤,1405,https://www.google.com/search?q=新赤1405
290,新赤,1406,https://www.google.com/search?q=新赤1406
291,新赤,1407,https://www.google.com/search?q=新赤1407
292,新赤,1408,https://www.google.com/search?q=新赤1408
293,新赤,1409,https://www.google.com/search?q=新赤1409
294,新赤,1411,https://www.google.com/search?q=新赤1411
247,新赤,1412,https://www.google.com/search?q=新赤1412
295,新赤,1413,https://www.google.com/search?q=新赤1413
296,新赤,1414,https://www.google.com/search?q=新赤1414
297,新赤,1415,https://www.google.com/search?q=新赤1415
121,新赤,1416,https://www.google.com/search?q=新赤1416
120,新赤,1417,https://www.google.com/search?q=新赤1417
246,新赤,1418,https://www.google.com/search?q=新赤1418
298,新赤,1419,https://www.google.com/search?q=新赤1419
299,新赤,1420,https://www.google.com/search?q=新赤1420
300,新赤,1421,https://www.google.com/search?q=新赤1421
301,新赤,1422,https://www.google.com/search?q=新赤1422
119,新赤,1425,https://www.google.com/search?q=新赤1425
302,新赤,1426,https://www.google.com/search?q=新赤1426
303,新赤,1427,https://www.google.com/search?q=新赤1427
245,新赤,1429,https://www.google.com/search?q=新赤1429
304,新赤,1430,https://www.google.com/search?q=新赤1430
36,新赤,1431,https://www.google.com/search?q=新赤1431
35,新赤,1432,https://www.google.com/search?q=新赤1432
305,新赤,1433,https://www.google.com/search?q=新赤1433
306,新赤,1434,https://www.google.com/search?q=新赤1434
307,新赤,1435,https://www.google.com/search?q=新赤1435
244,新赤,1436,https://www.google.com/search?q=新赤1436
243,新赤,1438,https://www.google.com/search?q=新赤1438
308,新赤,1439,https://www.google.com/search?q=新赤1439
309,新赤,1441,https://www.google.com/search?q=新赤1441
242,新赤,1442,https://www.google.com/search?q=新赤1442
310,新赤,1443,https://www.google.com/search?q=新赤1443
311,新赤,1444,https://www.google.com/search?q=新赤1444
312,新赤,1446,https://www.google.com/search?q=新赤1446
118,新赤,1448,https://www.google.com/search?q=新赤1448
241,新赤,1449,https://www.google.com/search?q=新赤1449
240,新赤,1450,https://www.google.com/search?q=新赤1450
313,新赤,1451,https://www.google.com/search?q=新赤1451
314,新赤,1452,https://www.google.com/search?q=新赤1452
315,新赤,1453,https://www.google.com/search?q=新赤1453
316,新赤,1454,https://www.google.com/search?q=新赤1454
317,新赤,1455,https://www.google.com/search?q=新赤1455
318,新赤,1456,https://www.google.com/search?q=新赤1456
319,新赤,1457,https://www.google.com/search?q=新赤1457
320,新赤,1458,https://www.google.com/search?q=新赤1458
239,新赤,1459,https://www.google.com/search?q=新赤1459
238,新赤,1460,https://www.google.com/search?q=新赤1460
237,新赤,1461,https://www.google.com/search?q=新赤1461
321,新赤,1462,https://www.google.com/search?q=新赤1462
322,新赤,1463,https://www.google.com/search?q=新赤1463
323,新赤,1464,https://www.google.com/search?q=新赤1464
324,新赤,1465,https://www.google.com/search?q=新赤1465
68,新赤,1466,https://www.google.com/search?q=新赤1466
236,新赤,1467,https://www.google.com/search?q=新赤1467
325,新赤,1468,https://www.google.com/search?q=新赤1468
67,新赤,1470,https://www.google.com/search?q=新赤1470
326,新赤,1471,https://www.google.com/search?q=新赤1471
327,新赤,1473,https://www.google.com/search?q=新赤1473
328,新赤,1474,https://www.google.com/search?q=新赤1474
235,新赤,1475,https://www.google.com/search?q=新赤1475
234,新赤,1476,https://www.google.com/search?q=新赤1476
329,新赤,1477,https://www.google.com/search?q=新赤1477
330,新赤,1479,https://www.google.com/search?q=新赤1479
331,新赤,1480,https://www.google.com/search?q=新赤1480
233,新赤,1481,https://www.google.com/search?q=新赤1481
117,新赤,1482,https://www.google.com/search?q=新赤1482
34,新赤,1483,https://www.google.com/search?q=新赤1483
332,新赤,1485,https://www.google.com/search?q=新赤1485
333,新赤,1486,https://www.google.com/search?q=新赤1486
232,新赤,1487,https://www.google.com/search?q=新赤1487
334,新赤,1488,https://www.google.com/search?q=新赤1488
335,新赤,1489,https://www.google.com/search?q=新赤1489
336,新赤,1490,https://www.google.com/search?q=新赤1490
33,新赤,1491,https://www.google.com/search?q=新赤1491
337,新赤,1492,https://www.google.com/search?q=新赤1492
231,新赤,1493,https://www.google.com/search?q=新赤1493
230,新赤,1494,https://www.google.com/search?q=新赤1494
116,新赤,1495,https://www.google.com/search?q=新赤1495
338,新赤,1496,https://www.google.com/search?q=新赤1496
229,新赤,1497,https://www.google.com/search?q=新赤1497
32,新赤,1498,https://www.google.com/search?q=新赤1498
339,新赤,1499,https://www.google.com/search?q=新赤1499
340,新赤,1500,https://www.google.com/search?q=新赤1500
228,新赤,1501,https://www.google.com/search?q=新赤1501
341,新赤,1502,https://www.google.com/search?q=新赤1502
342,新赤,1503,https://www.google.com/search?q=新赤1503
343,新赤,1504,https://www.google.com/search?q=新赤1504
227,新赤,1505,https://www.google.com/search?q=新赤1505
344,新赤,1507,https://www.google.com/search?q=新赤1507
345,新赤,1508,https://www.google.com/search?q=新赤1508
346,新赤,1509,https://www.google.com/search?q=新赤1509
347,新赤,1510,https://www.google.com/search?q=新赤1510
348,新赤,1511,https://www.google.com/search?q=新赤1511
115,新赤,1512,https://www.google.com/search?q=新赤1512
114,新赤,1513,https://www.google.com/search?q=新赤1513
226,新赤,1514,https://www.google.com/search?q=新赤1514
225,新赤,1515,https://www.google.com/search?q=新赤1515
224,新赤,1516,https://www.google.com/search?q=新赤1516
113,新赤,1517,https://www.google.com/search?q=新赤1517
223,新赤,1518,https://www.google.com/search?q=新赤1518
222,新赤,1519,https://www.google.com/search?q=新赤1519
349,新赤,1520,https://www.google.com/search?q=新赤1520
350,新赤,1521,https://www.google.com/search?q=新赤1521
351,新赤,1522,https://www.google.com/search?q=新赤1522
352,新赤,1523,https://www.google.com/search?q=新赤1523
353,新赤,1524,https://www.google.com/search?q=新赤1524
354,新赤,1525,https://www.google.com/search?q=新赤1525
355,新赤,1526,https://www.google.com/search?q=新赤1526
31,新赤,1527,https://www.google.com/search?q=新赤1527
356,新赤,1528,https://www.google.com/search?q=新赤1528
357,新赤,1529,https://www.google.com/search?q=新赤1529
221,新赤,1530,https://www.google.com/search?q=新赤1530
358,新赤,1531,https://www.google.com/search?q=新赤1531
220,新赤,1532,https://www.google.com/search?q=新赤1532
359,新赤,1533,https://www.google.com/search?q=新赤1533
360,新赤,1535,https://www.google.com/search?q=新赤1535
361,新赤,1536,https://www.google.com/search?q=新赤1536
219,新赤,1537,https://www.google.com/search?q=新赤1537
362,新赤,1538,https://www.google.com/search?q=新赤1538
363,新赤,1539,https://www.google.com/search?q=新赤1539
364,新赤,1540,https://www.google.com/search?q=新赤1540
218,新赤,1541,https://www.google.com/search?q=新赤1541
217,新赤,1542,https://www.google.com/search?q=新赤1542
216,新赤,1543,https://www.google.com/search?q=新赤1543
112,新赤,1544,https://www.google.com/search?q=新赤1544
365,新赤,1545,https://www.google.com/search?q=新赤1545
215,新赤,1546,https://www.google.com/search?q=新赤1546
214,新赤,1547,https://www.google.com/search?q=新赤1547
366,新赤,1549,https://www.google.com/search?q=新赤1549
111,新赤,1550,https://www.google.com/search?q=新赤1550
213,新赤,1551,https://www.google.com/search?q=新赤1551
367,新赤,1552,https://www.google.com/search?q=新赤1552
30,新赤,1553,https://www.google.com/search?q=新赤1553
212,新赤,1555,https://www.google.com/search?q=新赤1555
368,新赤,1556,https://www.google.com/search?q=新赤1556
369,新赤,1557,https://www.google.com/search?q=新赤1557
370,新赤,1558,https://www.google.com/search?q=新赤1558
371,新赤,1559,https://www.google.com/search?q=新赤1559
372,新赤,1560,https://www.google.com/search?q=新赤1560
373,新赤,1561,https://www.google.com/search?q=新赤1561
374,新赤,1562,https://www.google.com/search?q=新赤1562
375,新赤,1563,https://www.google.com/search?q=新赤1563
376,新赤,1565,https://www.google.com/search?q=新赤1565
29,新赤,1566,https://www.google.com/search?q=新赤1566
211,新赤,1567,https://www.google.com/search?q=新赤1567
210,新赤,1568,https://www.google.com/search?q=新赤1568
377,新赤,1569,https://www.google.com/search?q=新赤1569
378,新赤,1570,https://www.google.com/search?q=新赤1570
379,新赤,1571,https://www.google.com/search?q=新赤1571
380,新赤,1572,https://www.google.com/search?q=新赤1572
381,新赤,1573,https://www.google.com/search?q=新赤1573
382,新赤,1574,https://www.google.com/search?q=新赤1574
383,新赤,1575,https://www.google.com/search?q=新赤1575
384,新赤,1576,https://www.google.com/search?q=新赤1576
385,新赤,1577,https://www.google.com/search?q=新赤1577
386,新赤,1578,https://www.google.com/search?q=新赤1578
387,新赤,1579,https://www.google.com/search?q=新赤1579
388,新赤,1580,https://www.google.com/search?q=新赤1580
389,新赤,1581,https://www.google.com/search?q=新赤1581
390,新赤,1582,https://www.google.com/search?q=新赤1582
209,新赤,1583,https://www.google.com/search?q=新赤1583
391,新赤,1584,https://www.google.com/search?q=新赤1584
392,新赤,1588,https://www.google.com/search?q=新赤1588
66,新赤,1589,https://www.google.com/search?q=新赤1589
393,新赤,1590,https://www.google.com/search?q=新赤1590
208,新赤,1591,https://www.google.com/search?q=新赤1591
110,新赤,1593,https://www.google.com/search?q=新赤1593
394,新赤,1594,https://www.google.com/search?q=新赤1594
395,新赤,1595,https://www.google.com/search?q=新赤1595
396,新赤,1596,https://www.google.com/search?q=新赤1596
397,新赤,1598,https://www.google.com/search?q=新赤1598
28,新赤,1599,https://www.google.com/search?q=新赤1599
398,新赤,1600,https://www.google.com/search?q=新赤1600
207,新赤,1601,https://www.google.com/search?q=新赤1601
206,新赤,1602,https://www.google.com/search?q=新赤1602
399,新赤,1603,https://www.google.com/search?q=新赤1603
400,新赤,1604,https://www.google.com/search?q=新赤1604
205,新赤,1605,https://www.google.com/search?q=新赤1605
27,新赤,1606,https://www.google.com/search?q=新赤1606
401,新赤,1607,https://www.google.com/search?q=新赤1607
402,新赤,1608,https://www.google.com/search?q=新赤1608
403,新赤,1609,https://www.google.com/search?q=新赤1609
26,新赤,1610,https://www.google.com/search?q=新赤1610
204,新赤,1611,https://www.google.com/search?q=新赤1611
404,新赤,1612,https://www.google.com/search?q=新赤1612
405,新赤,1613,https://www.google.com/search?q=新赤1613
406,新赤,1614,https://www.google.com/search?q=新赤1614
407,新赤,1615,https://www.google.com/search?q=新赤1615
408,新赤,1616,https://www.google.com/search?q=新赤1616
409,新赤,1617,https://www.google.com/search?q=新赤1617
203,新赤,1618,https://www.google.com/search?q=新赤1618
410,新赤,1619,https://www.google.com/search?q=新赤1619
411,新赤,1620,https://www.google.com/search?q=新赤1620
202,新赤,1621,https://www.google.com/search?q=新赤1621
109,新赤,1622,https://www.google.com/search?q=新赤1622
201,新赤,1623,https://www.google.com/search?q=新赤1623
412,新赤,1624,https://www.google.com/search?q=新赤1624
413,新赤,1625,https://www.google.com/search?q=新赤1625
414,新赤,1626,https://www.google.com/search?q=新赤1626
415,新赤,1627,https://www.google.com/search?q=新赤1627
416,新赤,1628,https://www.google.com/search?q=新赤1628
65,新赤,1629,https://www.google.com/search?q=新赤1629
417,新赤,1630,https://www.google.com/search?q=新赤1630
418,新赤,1631,https://www.google.com/search?q=新赤1631
200,新赤,1632,https://www.google.com/search?q=新赤1632
419,新赤,1633,https://www.google.com/search?q=新赤1633
420,新赤,1635,https://www.google.com/search?q=新赤1635
421,新赤,1636,https://www.google.com/search?q=新赤1636
422,新赤,1637,https://www.google.com/search?q=新赤1637
64,新赤,1638,https://www.google.com/search?q=新赤1638
25,新赤,1639,https://www.google.com/search?q=新赤1639
199,新赤,1640,https://www.google.com/search?q=新赤1640
423,新赤,1641,https://www.google.com/search?q=新赤1641
424,新赤,1642,https://www.google.com/search?q=新赤1642
425,新赤,1644,https://www.google.com/search?q=新赤1644
24,新赤,1645,https://www.google.com/search?q=新赤1645
63,新赤,1646,https://www.google.com/search?q=新赤1646
198,新赤,1647,https://www.google.com/search?q=新赤1647
426,新赤,1649,https://www.google.com/search?q=新赤1649
427,新赤,1650,https://www.google.com/search?q=新赤1650
428,新赤,1651,https://www.google.com/search?q=新赤1651
429,新赤,1652,https://www.google.com/search?q=新赤1652
430,新赤,1653,https://www.google.com/search?q=新赤1653
431,新赤,1654,https://www.google.com/search?q=新赤1654
432,新赤,1655,https://www.google.com/search?q=新赤1655
433,新赤,1656,https://www.google.com/search?q=新赤1656
108,新赤,1657,https://www.google.com/search?q=新赤1657
434,新赤,1658,https://www.google.com/search?q=新赤1658
435,新赤,1659,https://www.google.com/search?q=新赤1659
436,新赤,1660,https://www.google.com/search?q=新赤1660
107,新赤,1661,https://www.google.com/search?q=新赤1661
437,新赤,1663,https://www.google.com/search?q=新赤1663
438,新赤,1664,https://www.google.com/search?q=新赤1664
23,新赤,1665,https://www.google.com/search?q=新赤1665
22,新赤,1666,https://www.google.com/search?q=新赤1666
439,新赤,1667,https://www.google.com/search?q=新赤1667
62,新赤,1668,https://www.google.com/search?q=新赤1668
440,新赤,1670,https://www.google.com/search?q=新赤1670
197,新赤,1671,https://www.google.com/search?q=新赤1671
196,新赤,1672,https://www.google.com/search?q=新赤1672
441,新赤,1673,https://www.google.com/search?q=新赤1673
442,新赤,1674,https://www.google.com/search?q=新赤1674
443,新赤,1675,https://www.google.com/search?q=新赤1675
444,新赤,1676,https://www.google.com/search?q=新赤1676
445,新赤,1677,https://www.google.com/search?q=新赤1677
446,新赤,1678,https://www.google.com/search?q=新赤1678
195,新赤,1680,https://www.google.com/search?q=新赤1680
447,新赤,1681,https://www.google.com/search?q=新赤1681
448,新赤,1682,https://www.google.com/search?q=新赤1682
449,新赤,1683,https://www.google.com/search?q=新赤1683
194,新赤,1684,https://www.google.com/search?q=新赤1684
450,新赤,1685,https://www.google.com/search?q=新赤1685
451,新赤,1686,https://www.google.com/search?q=新赤1686
106,新赤,1687,https://www.google.com/search?q=新赤1687
193,新赤,1688,https://www.google.com/search?q=新赤1688
61,新赤,1689,https://www.google.com/search?q=新赤1689
192,新赤,1690,https://www.google.com/search?q=新赤1690
452,新赤,1691,https://www.google.com/search?q=新赤1691
453,新赤,1692,https://www.google.com/search?q=新赤1692
454,新赤,1693,https://www.google.com/search?q=新赤1693
191,新赤,1694,https://www.google.com/search?q=新赤1694
455,新赤,1695,https://www.google.com/search?q=新赤1695
456,新赤,1696,https://www.google.com/search?q=新赤1696
457,新赤,1697,https://www.google.com/search?q=新赤1697
458,新赤,1698,https://www.google.com/search?q=新赤1698
459,新赤,1699,https://www.google.com/search?q=新赤1699
460,新赤,1700,https://www.google.com/search?q=新赤1700
190,新赤,1701,https://www.google.com/search?q=新赤1701
21,新赤,1703,https://www.google.com/search?q=新赤1703
105,新赤,1704,https://www.google.com/search?q=新赤1704
461,新赤,1705,https://www.google.com/search?q=新赤1705
462,新赤,1706,https://www.google.com/search?q=新赤1706
104,新赤,1707,https://www.google.com/search?q=新赤1707
463,新赤,1709,https://www.google.com/search?q=新赤1709
464,新赤,1710,https://www.google.com/search?q=新赤1710
465,新赤,1711,https://www.google.com/search?q=新赤1711
189,新赤,1712,https://www.google.com/search?q=新赤1712
103,新赤,1713,https://www.google.com/search?q=新赤1713
466,新赤,1714,https://www.google.com/search?q=新赤1714
467,新赤,1715,https://www.google.com/search?q=新赤1715
468,新赤,1716,https://www.google.com/search?q=新赤1716
188,新赤,1717,https://www.google.com/search?q=新赤1717
469,新赤,1718,https://www.google.com/search?q=新赤1718
470,新赤,1719,https://www.google.com/search?q=新赤1719
471,新赤,1720,https://www.google.com/search?q=新赤1720
472,新赤,1721,https://www.google.com/search?q=新赤1721
187,新赤,1722,https://www.google.com/search?q=新赤1722
102,新赤,1723,https://www.google.com/search?q=新赤1723
186,新赤,1724,https://www.google.com/search?q=新赤1724
185,新赤,1725,https://www.google.com/search?q=新赤1725
473,新赤,1726,https://www.google.com/search?q=新赤1726
474,新赤,1727,https://www.google.com/search?q=新赤1727
101,新赤,1728,https://www.google.com/search?q=新赤1728
475,新赤,1729,https://www.google.com/search?q=新赤1729
476,新赤,1730,https://www.google.com/search?q=新赤1730
184,新赤,1731,https://www.google.com/search?q=新赤1731
477,新赤,1732,https://www.google.com/search?q=新赤1732
60,新赤,1733,https://www.google.com/search?q=新赤1733
478,新赤,1734,https://www.google.com/search?q=新赤1734
479,新赤,1735,https://www.google.com/search?q=新赤1735
480,新赤,1736,https://www.google.com/search?q=新赤1736
100,新赤,1737,https://www.google.com/search?q=新赤1737
481,新赤,1738,https://www.google.com/search?q=新赤1738
20,新赤,1741,https://www.google.com/search?q=新赤1741
482,新赤,1742,https://www.google.com/search?q=新赤1742
483,新赤,1743,https://www.google.com/search?q=新赤1743
484,新赤,1744,https://www.google.com/search?q=新赤1744
183,新赤,1745,https://www.google.com/search?q=新赤1745
485,新赤,1746,https://www.google.com/search?q=新赤1746
99,新赤,1747,https://www.google.com/search?q=新赤1747
486,新赤,1748,https://www.google.com/search?q=新赤1748
182,新赤,1749,https://www.google.com/search?q=新赤1749
487,新赤,1750,https://www.google.com/search?q=新赤1750
488,新赤,1751,https://www.google.com/search?q=新赤1751
489,新赤,1752,https://www.google.com/search?q=新赤1752
181,新赤,1753,https://www.google.com/search?q=新赤1753
490,新赤,1754,https://www.google.com/search?q=新赤1754
491,新赤,1755,https://www.google.com/search?q=新赤1755
180,新赤,1756,https://www.google.com/search?q=新赤1756
492,新赤,1758,https://www.google.com/search?q=新赤1758
493,新赤,1759,https://www.google.com/search?q=新赤1759
494,新赤,1760,https://www.google.com/search?q=新赤1760
179,新赤,1761,https://www.google.com/search?q=新赤1761
495,新赤,1762,https://www.google.com/search?q=新赤1762
19,新赤,1763,https://www.google.com/search?q=新赤1763
496,新赤,1764,https://www.google.com/search?q=新赤1764
497,新赤,1765,https://www.google.com/search?q=新赤1765
498,新赤,1766,https://www.google.com/search?q=新赤1766
499,新赤,1767,https://www.google.com/search?q=新赤1767
98,新赤,1769,https://www.google.com/search?q=新赤1769
500,新赤,1770,https://www.google.com/search?q=新赤1770
501,新赤,1771,https://www.google.com/search?q=新赤1771
502,新赤,1772,https://www.google.com/search?q=新赤1772
503,新赤,1773,https://www.google.com/search?q=新赤1773
178,新赤,1774,https://www.google.com/search?q=新赤1774
97,新赤,1775,https://www.google.com/search?q=新赤1775
504,新赤,1776,https://www.google.com/search?q=新赤1776
177,新赤,1777,https://www.google.com/search?q=新赤1777
59,新赤,1778,https://www.google.com/search?q=新赤1778
505,新赤,1779,https://www.google.com/search?q=新赤1779
96,新赤,1780,https://www.google.com/search?q=新赤1780
58,新赤,1781,https://www.google.com/search?q=新赤1781
506,新赤,1782,https://www.google.com/search?q=新赤1782
507,新赤,1783,https://www.google.com/search?q=新赤1783
176,新赤,1784,https://www.google.com/search?q=新赤1784
508,新赤,1785,https://www.google.com/search?q=新赤1785
509,新赤,1786,https://www.google.com/search?q=新赤1786
510,新赤,1788,https://www.google.com/search?q=新赤1788
511,新赤,1789,https://www.google.com/search?q=新赤1789
175,新赤,1790,https://www.google.com/search?q=新赤1790
512,新赤,1791,https://www.google.com/search?q=新赤1791
513,新赤,1792,https://www.google.com/search?q=新赤1792
514,新赤,1793,https://www.google.com/search?q=新赤1793
18,新赤,1794,https://www.google.com/search?q=新赤1794
95,新赤,1795,https://www.google.com/search?q=新赤1795
174,新赤,1796,https://www.google.com/search?q=新赤1796
515,新赤,1797,https://www.google.com/search?q=新赤1797
516,新赤,1798,https://www.google.com/search?q=新赤1798
94,新赤,1799,https://www.google.com/search?q=新赤1799
17,新赤,1800,https://www.google.com/search?q=新赤1800
517,新赤,1802,https://www.google.com/search?q=新赤1802
518,新赤,1803,https://www.google.com/search?q=新赤1803
519,新赤,1804,https://www.google.com/search?q=新赤1804
520,新赤,1805,https://www.google.com/search?q=新赤1805
521,新赤,1806,https://www.google.com/search?q=新赤1806
522,新赤,1807,https://www.google.com/search?q=新赤1807
523,新赤,1808,https://www.google.com/search?q=新赤1808
57,新赤,1809,https://www.google.com/search?q=新赤1809
173,新赤,1810,https://www.google.com/search?q=新赤1810
524,新赤,1811,https://www.google.com/search?q=新赤1811
525,新赤,1812,https://www.google.com/search?q=新赤1812
526,新赤,1813,https://www.google.com/search?q=新赤1813
527,新赤,1814,https://www.google.com/search?q=新赤1814
528,新赤,1815,https://www.google.com/search?q=新赤1815
172,新赤,1816,https://www.google.com/search?q=新赤1816
16,新赤,1817,https://www.google.com/search?q=新赤1817
529,新赤,1818,https://www.google.com/search?q=新赤1818
530,新赤,1819,https://www.google.com/search?q=新赤1819
531,新赤,1820,https://www.google.com/search?q=新赤1820
532,新赤,1821,https://www.google.com/search?q=新赤1821
533,新赤,1822,https://www.google.com/search?q=新赤1822
534,新赤,1823,https://www.google.com/search?q=新赤1823
535,新赤,1824,https://www.google.com/search?q=新赤1824
171,新赤,1825,https://www.google.com/search?q=新赤1825
536,新赤,1826,https://www.google.com/search?q=新赤1826
537,新赤,1827,https://www.google.com/search?q=新赤1827
538,新赤,1828,https://www.google.com/search?q=新赤1828
539,新赤,1829,https://www.google.com/search?q=新赤1829
93,新赤,1830,https://www.google.com/search?q=新赤1830
170,新赤,1831,https://www.google.com/search?q=新赤1831
169,新赤,1832,https://www.google.com/search?q=新赤1832
15,新赤,1833,https://www.google.com/search?q=新赤1833
540,新赤,1834,https://www.google.com/search?q=新赤1834
168,新赤,1835,https://www.google.com/search?q=新赤1835
167,新赤,1836,https://www.google.com/search?q=新赤1836
541,新赤,1837,https://www.google.com/search?q=新赤1837
542,新赤,1838,https://www.google.com/search?q=新赤1838
543,新赤,1839,https://www.google.com/search?q=新赤1839
166,新赤,1840,https://www.google.com/search?q=新赤1840
544,新赤,1841,https://www.google.com/search?q=新赤1841
545,新赤,1843,https://www.google.com/search?q=新赤1843
546,新赤,1844,https://www.google.com/search?q=新赤1844
56,新赤,1845,https://www.google.com/search?q=新赤1845
14,新赤,1846,https://www.google.com/search?q=新赤1846
547,新赤,1847,https://www.google.com/search?q=新赤1847
548,新赤,1848,https://www.google.com/search?q=新赤1848
549,新赤,1849,https://www.google.com/search?q=新赤1849
283,新赤,1850,https://www.google.com/search?q=新赤1850
550,新赤,1851,https://www.google.com/search?q=新赤1851
551,新赤,1852,https://www.google.com/search?q=新赤1852
552,新赤,1853,https://www.google.com/search?q=新赤1853
13,新赤,1854,https://www.google.com/search?q=新赤1854
12,新赤,1855,https://www.google.com/search?q=新赤1855
553,新赤,1856,https://www.google.com/search?q=新赤1856
282,新赤,1857,https://www.google.com/search?q=新赤1857
92,新赤,1858,https://www.google.com/search?q=新赤1858
11,新赤,1859,https://www.google.com/search?q=新赤1859
554,新赤,1860,https://www.google.com/search?q=新赤1860
165,新赤,1861,https://www.google.com/search?q=新赤1861
555,新赤,1862,https://www.google.com/search?q=新赤1862
164,新赤,1863,https://www.google.com/search?q=新赤1863
163,新赤,1864,https://www.google.com/search?q=新赤1864
556,新赤,1865,https://www.google.com/search?q=新赤1865
55,新赤,1866,https://www.google.com/search?q=新赤1866
557,新赤,1867,https://www.google.com/search?q=新赤1867
162,新赤,1868,https://www.google.com/search?q=新赤1868
10,新赤,1870,https://www.google.com/search?q=新赤1870
9,新赤,1871,https://www.google.com/search?q=新赤1871
161,新赤,1872,https://www.google.com/search?q=新赤1872
160,新赤,1873,https://www.google.com/search?q=新赤1873
558,新赤,1874,https://www.google.com/search?q=新赤1874
159,新赤,1875,https://www.google.com/search?q=新赤1875
8,新赤,1876,https://www.google.com/search?q=新赤1876
91,新赤,1877,https://www.google.com/search?q=新赤1877
90,新赤,1878,https://www.google.com/search?q=新赤1878
559,新赤,1879,https://www.google.com/search?q=新赤1879
560,新赤,1880,https://www.google.com/search?q=新赤1880
54,新赤,1881,https://www.google.com/search?q=新赤1881
89,新赤,1882,https://www.google.com/search?q=新赤1882
561,新赤,1883,https://www.google.com/search?q=新赤1883
562,新赤,1884,https://www.google.com/search?q=新赤1884
563,新赤,1885,https://www.google.com/search?q=新赤1885
7,新赤,1886,https://www.google.com/search?q=新赤1886
158,新赤,1887,https://www.google.com/search?q=新赤1887
564,新赤,1888,https://www.google.com/search?q=新赤1888
565,新赤,1889,https://www.google.com/search?q=新赤1889
157,新赤,1890,https://www.google.com/search?q=新赤1890
566,新赤,1891,https://www.google.com/search?q=新赤1891
567,新赤,1892,https://www.google.com/search?q=新赤1892
568,新赤,1893,https://www.google.com/search?q=新赤1893
156,新赤,1894,https://www.google.com/search?q=新赤1894
569,新赤,1895,https://www.google.com/search?q=新赤1895
570,新赤,1896,https://www.google.com/search?q=新赤1896
571,新赤,1897,https://www.google.com/search?q=新赤1897
155,新赤,1898,https://www.google.com/search?q=新赤1898
572,新赤,1899,https://www.google.com/search?q=新赤1899
154,新赤,1901,https://www.google.com/search?q=新赤1901
153,新赤,1902,https://www.google.com/search?q=新赤1902
573,新赤,1903,https://www.google.com/search?q=新赤1903
88,新赤,1904,https://www.google.com/search?q=新赤1904
152,新赤,1905,https://www.google.com/search?q=新赤1905
574,新赤,1906,https://www.google.com/search?q=新赤1906
575,新赤,1907,https://www.google.com/search?q=新赤1907
87,新赤,1908,https://www.google.com/search?q=新赤1908
576,新赤,1909,https://www.google.com/search?q=新赤1909
151,新赤,1910,https://www.google.com/search?q=新赤1910
577,新赤,1911,https://www.google.com/search?q=新赤1911
6,新赤,1912,https://www.google.com/search?q=新赤1912
5,新赤,1913,https://www.google.com/search?q=新赤1913
150,新赤,1914,https://www.google.com/search?q=新赤1914
4,新赤,1915,https://www.google.com/search?q=新赤1915
149,新赤,1916,https://www.google.com/search?q=新赤1916
578,新赤,1917,https://www.google.com/search?q=新赤1917
579,新赤,1918,https://www.google.com/search?q=新赤1918
580,新赤,1919,https://www.google.com/search?q=新赤1919
281,新赤,1920,https://www.google.com/search?q=新赤1920
148,新赤,1921,https://www.google.com/search?q=新赤1921
147,新赤,1923,https://www.google.com/search?q=新赤1923
146,新赤,1924,https://www.google.com/search?q=新赤1924
3,新赤,1925,https://www.google.com/search?q=新赤1925
581,新赤,1926,https://www.google.com/search?q=新赤1926
2,新赤,1927,https://www.google.com/search?q=新赤1927
1,新赤,1928,https://www.google.com/search?q=新赤1928
582,新赤,1929,https://www.google.com/search?q=新赤1929
583,新赤,1930,https://www.google.com/search?q=新赤1930
145,新赤,1931,https://www.google.com/search?q=新赤1931
584,新赤,1932,https://www.google.com/search?q=新赤1932
585,新赤,1933,https://www.google.com/search?q=新赤1933
86,新赤,1934,https://www.google.com/search?q=新赤1934
586,新赤,1935,https://www.google.com/search?q=新赤1935
587,新赤,1936,https://www.google.com/search?q=新赤1936
588,新赤,1937,https://www.google.com/search?q=新赤1937
280,新赤,1938,https://www.google.com/search?q=新赤1938
279,新赤,1939,https://www.google.com/search?q=新赤1939
589,新赤,1940,https://www.google.com/search?q=新赤1940
144,新赤,1941,https://www.google.com/search?q=新赤1941
590,新赤,1942,https://www.google.com/search?q=新赤1942
591,新赤,1943,https://www.google.com/search?q=新赤1943
592,新赤,1944,https://www.google.com/search?q=新赤1944
593,新赤,1945,https://www.google.com/search?q=新赤1945
143,新赤,1946,https://www.google.com/search?q=新赤1946
142,新赤,1947,https://www.google.com/search?q=新赤1947
594,新赤,1948,https://www.google.com/search?q=新赤1948
595,新赤,1949,https://www.google.com/search?q=新赤1949
596,新赤,1950,https://www.google.com/search?q=新赤1950
85,新赤,1951,https://www.google.com/search?q=新赤1951
278,新赤,1952,https://www.google.com/search?q=新赤1952
141,新赤,1953,https://www.google.com/search?q=新赤1953
597,新赤,1954,https://www.google.com/search?q=新赤1954
0,新赤,1955,https://www.google.com/search?q=新赤1955
140,新赤,1956,https://www.google.com/search?q=新赤1956
139,新赤,1957,https://www.google.com/search?q=新赤1957
598,新赤,1958,https://www.google.com/search?q=新赤1958
599,新赤,1959,https://www.google.com/search?q=新赤1959
53,新赤,1960,https://www.google.com/search?q=新赤1960
277,新赤,1961,https://www.google.com/search?q=新赤1961
600,新赤,1962,https://www.google.com/search?q=新赤1962
601,新赤,1963,https://www.google.com/search?q=新赤1963
602,新赤,1964,https://www.google.com/search?q=新赤1964
276,新赤,1965,https://www.google.com/search?q=新赤1965
603,新赤,1966,https://www.google.com/search?q=新赤1966
604,新赤,1967,https://www.google.com/search?q=新赤1967
605,新赤,1968,https://www.google.com/search?q=新赤1968
52,新赤,1969,https://www.google.com/search?q=新赤1969
138,新赤,1970,https://www.google.com/search?q=新赤1970
606,新赤,1971,https://www.google.com/search?q=新赤1971
51,新赤,1973,https://www.google.com/search?q=新赤1973
84,新赤,1974,https://www.google.com/search?q=新赤1974
137,新赤,1975,https://www.google.com/search?q=新赤1975
607,新赤,1976,https://www.google.com/search?q=新赤1976
608,新赤,1977,https://www.google.com/search?q=新赤1977
609,新赤,1978,https://www.google.com/search?q=新赤1978
50,新赤,1979,https://www.google.com/search?q=新赤1979
83,新赤,1980,https://www.google.com/search?q=新赤1980
136,新赤,1981,https://www.google.com/search?q=新赤1981
135,新赤,1982,https://www.google.com/search?q=新赤1982
610,新赤,1983,https://www.google.com/search?q=新赤1983
611,新赤,1984,https://www.google.com/search?q=新赤1984
612,新赤,1985,https://www.google.com/search?q=新赤1985
275,新赤,1986,https://www.google.com/search?q=新赤1986
82,新赤,1987,https://www.google.com/search?q=新赤1987
613,新赤,1988,https://www.google.com/search?q=新赤1988
614,新赤,1989,https://www.google.com/search?q=新赤1989
81,新赤,1990,https://www.google.com/search?q=新赤1990
615,新赤,1991,https://www.google.com/search?q=新赤1991
616,新赤,1992,https://www.google.com/search?q=新赤1992
617,新赤,1993,https://www.google.com/search?q=新赤1993
134,新赤,1994,https://www.google.com/search?q=新赤1994
618,新赤,1996,https://www.google.com/search?q=新赤1996
80,新赤,1997,https://www.google.com/search?q=新赤1997
619,新赤,1998,https://www.google.com/search?q=新赤1998
620,新赤,1999,https://www.google.com/search?q=新赤1999
621,新赤,2000,https://www.google.com/search?q=新赤2000
622,新赤,2001,https://www.google.com/search?q=新赤2001
623,新赤,2002,https://www.google.com/search?q=新赤2002
624,新赤,2003,https://www.google.com/search?q=新赤2003
625,新赤,2004,https://www.google.com/search?q=新赤2004
626,新赤,2005,https://www.google.com/search?q=新赤2005
627,新赤,2006,https://www.google.com/search?q=新赤2006
79,新赤,2007,https://www.google.com/search?q=新赤2007
49,新赤,2008,https://www.google.com/search?q=新赤2008
628,新赤,2009,https://www.google.com/search?q=新赤2009
629,新赤,2010,https://www.google.com/search?q=新赤2010
630,新赤,2011,https://www.google.com/search?q=新赤2011
631,新赤,2012,https://www.google.com/search?q=新赤2012
78,新赤,2013,https://www.google.com/search?q=新赤2013
133,新赤,2014,https://www.google.com/search?q=新赤2014
632,新赤,2015,https://www.google.com/search?q=新赤2015
